[
    {
        "productId": 1,
        "productName": "Leaf Rake",
        "productCode": "GDN-0011",
        "releaseDate": "March 19, 2016",
        "description": "Leaf rake with 48-inch wooden handle.",
        "price": 19.95,
        "starRating": 3.2,
        "imageUrl": "https://cdn3.tgdd.vn/Products/Images/42/72373/samsung-galaxy-note-5-14-200x200.jpg"
    },
    {
        "productId": 2,
        "productName": "Garden Cart",
        "productCode": "GDN-0023",
        "releaseDate": "March 18, 2016",
        "description": "15 gallon capacity rolling garden cart",
        "price": 32.99,
        "starRating": 4.2,
        "imageUrl": "https://cdn1.tgdd.vn/Products/Images/42/76481/iphone-se-64gb-2-200x200.jpg"
    },
    {
        "productId": 5,
        "productName": "Hammer",
        "productCode": "TBX-0048",
        "releaseDate": "May 21, 2016",
        "description": "Curved claw steel hammer",
        "price": 8.9,
        "starRating": 4.8,
        "imageUrl": "https://cdn4.tgdd.vn/Products/Images/42/77509/sony-xperia-z5-premium-pink-edition2-1-200x200.jpg"
    },
    {
        "productId": 8,
        "productName": "Saw",
        "productCode": "TBX-0022",
        "releaseDate": "May 15, 2016",
        "description": "15-inch steel blade hand saw",
        "price": 11.55,
        "starRating": 3.7,
        "imageUrl": "https://cdn4.tgdd.vn/Products/Images/42/75994/asus-zenfone-3-9-200x200.jpg"
    },
    {
        "productId": 10,
        "productName": "Video Game Controller",
        "productCode": "GMG-0042",
        "releaseDate": "October 15, 2015",
        "description": "Standard two-button video game controller",
        "price": 35.95,
        "starRating": 4.6,
        "imageUrl": "https://cdn3.tgdd.vn/Products/Images/42/73608/oppo-r7s2-3-200x200.jpg"
    }
]