[
    {
        "newsId" : "1",
        "newsTitle" : "test 11",
        "newsSummary": "Summary test 1",
        "newsContent": "content 1",
        "newsImageUrl": "newsImageUrl 1",
        "newsAuthor" : "newsAuthor 1"
    },
    {
        "newsId" : "2",
        "newsTitle" : "test 2",
        "newsSummary": "Summary test 2",
        "newsContent": "content 2",
        "newsImageUrl": "newsImageUrl 2",
        "newsAuthor" : "newsAuthor 2"
    },
    {
        "newsId" : "3",
        "newsTitle" : "test 3",
        "newsSummary": "Summary test 3",
        "newsContent": "content 3",
        "newsImageUrl": "newsImageUrl 3",
        "newsAuthor" : "newsAuthor 3"
    },
    {
        "newsId" : "4",
        "newsTitle" : "test 4",
        "newsSummary": "Summary test 4",
        "newsContent": "content 4",
        "newsImageUrl": "newsImageUrl 4",
        "newsAuthor" : "newsAuthor 4"
    },
    {
        "newsId" : "5",
        "newsTitle" : "test 5",
        "newsSummary": "Summary test 5",
        "newsContent": "content 5",
        "newsImageUrl": "newsImageUrl 5",
        "newsAuthor" : "newsAuthor 5"
    }
]